{"stats":{"minecraft:dropped":{"minecraft:ink_sac":2},"minecraft:used":{"minecraft:crafting_table":1,"minecraft:wooden_pickaxe":10},"minecraft:picked_up":{"minecraft:leather":1,"minecraft:wooden_pickaxe":1,"minecraft:lead":1,"minecraft:ink_sac":2,"minecraft:spruce_log":7,"minecraft:dirt":12,"minecraft:cobblestone":9},"minecraft:crafted":{"minecraft:crafting_table":1,"minecraft:spruce_planks":28},"minecraft:custom":{"minecraft:time_since_rest":15634,"minecraft:crouch_one_cm":145,"minecraft:play_time":15634,"minecraft:sprint_one_cm":15867,"minecraft:damage_taken":125,"minecraft:walk_one_cm":18331,"minecraft:sneak_time":401,"minecraft:walk_under_water_one_cm":35,"minecraft:drop":2,"minecraft:jump":227,"minecraft:damage_dealt":64,"minecraft:leave_game":3,"minecraft:time_since_death":15634,"minecraft:walk_on_water_one_cm":1117,"minecraft:total_world_time":15634,"minecraft:swim_one_cm":848,"minecraft:interact_with_crafting_table":3,"minecraft:fall_one_cm":2568,"minecraft:fly_one_cm":28660},"minecraft:mined":{"minecraft:podzol":3,"minecraft:dirt":9,"minecraft:spruce_log":8,"minecraft:stone":9}},"DataVersion":3465}