{"stats":{"minecraft:crafted":{"minecraft:smooth_stone":12,"minecraft:oak_planks":120,"minecraft:furnace":8,"minecraft:blast_furnace":4,"minecraft:stone":12,"minecraft:diamond_helmet":1,"minecraft:diamond_leggings":1,"minecraft:iron_axe":1,"minecraft:stone_pickaxe":2,"minecraft:diamond_boots":1,"minecraft:golden_boots":1,"minecraft:diamond_sword":1,"minecraft:crafting_table":2,"minecraft:wooden_pickaxe":1,"minecraft:stone_axe":1,"minecraft:air":0,"minecraft:diamond_pickaxe":1,"minecraft:stick":20,"minecraft:iron_ingot":54,"minecraft:iron_pickaxe":1,"minecraft:gold_ingot":287,"minecraft:torch":4,"minecraft:diamond_chestplate":1},"minecraft:used":{"minecraft:flint_and_steel":1,"minecraft:torch":10,"minecraft:dirt":4,"minecraft:obsidian":10,"minecraft:lava_bucket":2,"minecraft:iron_axe":8,"minecraft:basalt":12,"minecraft:furnace":12,"minecraft:cooked_beef":10,"minecraft:cobbled_deepslate":20,"minecraft:water_bucket":8,"minecraft:stone_pickaxe":1285,"minecraft:oak_planks":6,"minecraft:wooden_pickaxe":3,"minecraft:polished_blackstone_bricks":1,"minecraft:crafting_table":7,"minecraft:blast_furnace":5,"minecraft:diamond_pickaxe":875,"minecraft:iron_pickaxe":25,"minecraft:gravel":4,"minecraft:stone_axe":104,"minecraft:diamond_sword":56,"minecraft:cobblestone":217,"minecraft:potion":1,"minecraft:bucket":10,"minecraft:splash_potion":1},"minecraft:custom":{"minecraft:mob_kills":24,"minecraft:interact_with_crafting_table":14,"minecraft:leave_game":2,"minecraft:time_since_death":110152,"minecraft:sprint_one_cm":74605,"minecraft:walk_one_cm":102380,"minecraft:drop":180,"minecraft:play_time":120621,"minecraft:deaths":2,"minecraft:sneak_time":5100,"minecraft:jump":709,"minecraft:interact_with_blast_furnace":20,"minecraft:walk_on_water_one_cm":7191,"minecraft:total_world_time":120621,"minecraft:interact_with_furnace":36,"minecraft:time_since_rest":110213,"minecraft:damage_taken":1091,"minecraft:damage_dealt":3831,"minecraft:fly_one_cm":43440,"minecraft:open_chest":2,"minecraft:crouch_one_cm":18374,"minecraft:fall_one_cm":12259},"minecraft:killed":{"minecraft:skeleton":5,"minecraft:piglin_brute":3,"minecraft:magma_cube":5,"minecraft:creeper":1,"minecraft:zombie":1,"minecraft:cow":6},"minecraft:mined":{"minecraft:diamond_ore":1,"minecraft:tuff":52,"minecraft:blackstone_stairs":1,"minecraft:deepslate_diamond_ore":51,"minecraft:obsidian":42,"minecraft:granite":3,"minecraft:grass_block":6,"minecraft:cracked_polished_blackstone_bricks":3,"minecraft:polished_blackstone_bricks":6,"minecraft:furnace":12,"minecraft:iron_ore":68,"minecraft:fire":13,"minecraft:andesite":1,"minecraft:gold_block":16,"minecraft:stone":1054,"minecraft:bone_block":57,"minecraft:deepslate_redstone_ore":17,"minecraft:blackstone":4,"minecraft:soul_fire":1,"minecraft:basalt":20,"minecraft:crafting_table":7,"minecraft:torch":1,"minecraft:blast_furnace":5,"minecraft:copper_ore":1,"minecraft:cobblestone":26,"minecraft:deepslate_gold_ore":129,"minecraft:oak_planks":1,"minecraft:diorite":5,"minecraft:wall_torch":8,"minecraft:birch_leaves":60,"minecraft:coal_ore":165,"minecraft:oak_log":30,"minecraft:gravel":1,"minecraft:dirt":16,"minecraft:oak_leaves":3,"minecraft:deepslate":443},"minecraft:picked_up":{"minecraft:crafting_table":7,"minecraft:splash_potion":3,"minecraft:wooden_pickaxe":1,"minecraft:enchanted_book":4,"minecraft:gold_block":12,"minecraft:potion":8,"minecraft:nether_brick":92,"minecraft:string":46,"minecraft:raw_copper":5,"minecraft:blackstone":157,"minecraft:cobbled_deepslate":942,"minecraft:beef":10,"minecraft:iron_nugget":69,"minecraft:iron_boots":5,"minecraft:raw_iron":2,"minecraft:torch":9,"minecraft:fire_charge":28,"minecraft:polished_blackstone_bricks":5,"minecraft:golden_axe":1,"minecraft:diorite":5,"minecraft:redstone":14,"minecraft:arrow":3,"minecraft:gold_ingot":732,"minecraft:blackstone_stairs":1,"minecraft:obsidian":10,"minecraft:cobblestone":262,"minecraft:basalt":17,"minecraft:andesite":1,"minecraft:leather":61,"minecraft:red_mushroom":4,"minecraft:tuff":88,"minecraft:oak_log":1,"minecraft:gunpowder":4,"minecraft:dirt":22,"minecraft:bone":2,"minecraft:raw_gold":32,"minecraft:glass_bottle":2,"minecraft:oak_planks":1,"minecraft:soul_sand":131,"minecraft:quartz":120,"minecraft:gravel":327,"minecraft:blast_furnace":1,"minecraft:crying_obsidian":33,"minecraft:spectral_arrow":123,"minecraft:diamond":19,"minecraft:granite":3,"minecraft:oak_sapling":1,"minecraft:coal":194,"minecraft:ender_pearl":12},"minecraft:dropped":{"minecraft:enchanted_book":4,"minecraft:soul_sand":131,"minecraft:glass_bottle":3,"minecraft:golden_axe":1,"minecraft:cobblestone":754,"minecraft:spectral_arrow":66,"minecraft:leather":18,"minecraft:granite":3,"minecraft:coal":192,"minecraft:red_mushroom":4,"minecraft:stick":1,"minecraft:diorite":5,"minecraft:fire_charge":9,"minecraft:potion":5,"minecraft:string":46,"minecraft:gold_ingot":1103,"minecraft:bone":2,"minecraft:gravel":260,"minecraft:stone_axe":1,"minecraft:blackstone":100,"minecraft:iron_nugget":69,"minecraft:cobbled_deepslate":922,"minecraft:nether_brick":92,"minecraft:tuff":88,"minecraft:iron_boots":5,"minecraft:gunpowder":2,"minecraft:arrow":3,"minecraft:stone_pickaxe":2,"minecraft:wooden_pickaxe":1,"minecraft:raw_gold":1,"minecraft:crying_obsidian":33,"minecraft:quartz":120,"minecraft:splash_potion":2},"minecraft:killed_by":{"minecraft:creeper":1}},"DataVersion":3465}