{"stats":{"minecraft:custom":{"minecraft:time_since_rest":25938,"minecraft:sprint_one_cm":37555,"minecraft:damage_taken":85,"minecraft:walk_one_cm":25780,"minecraft:mob_kills":12,"minecraft:drop":3,"minecraft:damage_dealt":1686,"minecraft:swim_one_cm":3561,"minecraft:interact_with_crafting_table":3,"minecraft:fly_one_cm":34334,"minecraft:crouch_one_cm":2132,"minecraft:play_time":25938,"minecraft:walk_under_water_one_cm":633,"minecraft:sneak_time":545,"minecraft:jump":207,"minecraft:leave_game":4,"minecraft:walk_on_water_one_cm":424,"minecraft:time_since_death":25938,"minecraft:total_world_time":25938,"minecraft:fall_one_cm":2630},"minecraft:used":{"minecraft:stone_pickaxe":32,"minecraft:wooden_pickaxe":3,"minecraft:spruce_sapling":1,"minecraft:wooden_sword":41,"minecraft:dirt":1,"minecraft:sand":1,"minecraft:sweet_berries":14,"minecraft:crafting_table":1},"minecraft:crafted":{"minecraft:wooden_sword":1,"minecraft:crafting_table":1,"minecraft:spruce_planks":24,"minecraft:stick":8,"minecraft:wooden_pickaxe":1,"minecraft:stone_pickaxe":1},"minecraft:mined":{"minecraft:large_fern":1,"minecraft:sweet_berry_bush":17,"minecraft:spruce_log":6,"minecraft:grass":1,"minecraft:grass_block":4,"minecraft:sand":1,"minecraft:dirt":6,"minecraft:spruce_leaves":7,"minecraft:stone":35,"minecraft:sugar_cane":4,"minecraft:fern":2},"minecraft:dropped":{"minecraft:ink_sac":2,"minecraft:wooden_pickaxe":1},"minecraft:killed":{"minecraft:trader_llama":2,"minecraft:pig":5,"minecraft:wandering_trader":1,"minecraft:cow":4},"minecraft:picked_up":{"minecraft:sweet_berries":34,"minecraft:leather":4,"minecraft:lead":1,"minecraft:porkchop":5,"minecraft:sand":1,"minecraft:spruce_sapling":1,"minecraft:ink_sac":2,"minecraft:spruce_log":6,"minecraft:dirt":10,"minecraft:beef":6,"minecraft:sugar_cane":11,"minecraft:cobblestone":35}},"DataVersion":3465}