{"stats":{"minecraft:picked_up":{"minecraft:oak_sapling":1,"minecraft:dirt":6,"minecraft:cobblestone":4},"minecraft:custom":{"minecraft:time_since_rest":3358,"minecraft:play_time":3358,"minecraft:sprint_one_cm":755,"minecraft:damage_taken":10,"minecraft:walk_one_cm":2682,"minecraft:sneak_time":1,"minecraft:drop":1,"minecraft:jump":5,"minecraft:leave_game":1,"minecraft:time_since_death":3358,"minecraft:total_world_time":3358,"minecraft:interact_with_crafting_table":3,"minecraft:fall_one_cm":335,"minecraft:fly_one_cm":216},"minecraft:used":{"minecraft:crafting_table":1,"minecraft:stone_pickaxe":40,"minecraft:wooden_pickaxe":3},"minecraft:dropped":{"minecraft:wooden_pickaxe":1},"minecraft:mined":{"minecraft:grass_block":2,"minecraft:oak_log":4,"minecraft:dirt":4,"minecraft:stone":43,"minecraft:oak_leaves":2},"minecraft:crafted":{"minecraft:oak_planks":16,"minecraft:crafting_table":1,"minecraft:stick":8,"minecraft:stone_pickaxe":1,"minecraft:wooden_pickaxe":1}},"DataVersion":3465}