{"stats":{"minecraft:crafted":{"minecraft:smooth_stone":12,"minecraft:oak_planks":120,"minecraft:diamond_sword":1,"minecraft:crafting_table":2,"minecraft:wooden_pickaxe":1,"minecraft:furnace":8,"minecraft:blast_furnace":4,"minecraft:stone":12,"minecraft:stone_axe":1,"minecraft:air":0,"minecraft:diamond_helmet":1,"minecraft:diamond_leggings":1,"minecraft:diamond_pickaxe":1,"minecraft:iron_axe":1,"minecraft:stick":20,"minecraft:iron_ingot":36,"minecraft:iron_pickaxe":1,"minecraft:stone_pickaxe":2,"minecraft:diamond_boots":1,"minecraft:gold_ingot":128,"minecraft:torch":4,"minecraft:golden_boots":1,"minecraft:diamond_chestplate":1},"minecraft:used":{"minecraft:water_bucket":8,"minecraft:flint_and_steel":1,"minecraft:stone_pickaxe":1285,"minecraft:wooden_pickaxe":3,"minecraft:torch":9,"minecraft:dirt":4,"minecraft:crafting_table":7,"minecraft:blast_furnace":5,"minecraft:obsidian":10,"minecraft:diamond_pickaxe":860,"minecraft:lava_bucket":2,"minecraft:iron_axe":7,"minecraft:iron_pickaxe":25,"minecraft:basalt":12,"minecraft:stone_axe":104,"minecraft:diamond_sword":56,"minecraft:cobblestone":206,"minecraft:furnace":12,"minecraft:bucket":10,"minecraft:cooked_beef":9},"minecraft:custom":{"minecraft:interact_with_furnace":36,"minecraft:mob_kills":24,"minecraft:interact_with_crafting_table":14,"minecraft:leave_game":2,"minecraft:time_since_death":98152,"minecraft:time_since_rest":98213,"minecraft:sprint_one_cm":74216,"minecraft:damage_taken":1091,"minecraft:walk_one_cm":89404,"minecraft:drop":50,"minecraft:damage_dealt":3831,"minecraft:fly_one_cm":43333,"minecraft:crouch_one_cm":15836,"minecraft:play_time":108621,"minecraft:deaths":2,"minecraft:sneak_time":4391,"minecraft:jump":591,"minecraft:interact_with_blast_furnace":20,"minecraft:walk_on_water_one_cm":7191,"minecraft:total_world_time":108621,"minecraft:fall_one_cm":12259},"minecraft:killed":{"minecraft:magma_cube":5,"minecraft:creeper":1,"minecraft:skeleton":5,"minecraft:zombie":1,"minecraft:piglin_brute":3,"minecraft:cow":6},"minecraft:mined":{"minecraft:deepslate_redstone_ore":17,"minecraft:diamond_ore":1,"minecraft:tuff":52,"minecraft:blackstone_stairs":1,"minecraft:blackstone":4,"minecraft:deepslate_diamond_ore":51,"minecraft:soul_fire":1,"minecraft:basalt":16,"minecraft:obsidian":42,"minecraft:crafting_table":7,"minecraft:torch":1,"minecraft:granite":3,"minecraft:blast_furnace":5,"minecraft:grass_block":6,"minecraft:cracked_polished_blackstone_bricks":1,"minecraft:copper_ore":1,"minecraft:cobblestone":26,"minecraft:deepslate_gold_ore":129,"minecraft:diorite":5,"minecraft:wall_torch":7,"minecraft:polished_blackstone_bricks":2,"minecraft:furnace":12,"minecraft:iron_ore":68,"minecraft:fire":13,"minecraft:andesite":1,"minecraft:birch_leaves":60,"minecraft:gold_block":11,"minecraft:oak_log":30,"minecraft:coal_ore":165,"minecraft:dirt":16,"minecraft:stone":1054,"minecraft:bone_block":57,"minecraft:oak_leaves":3,"minecraft:deepslate":443},"minecraft:dropped":{"minecraft:stone_axe":1,"minecraft:cobbled_deepslate":922,"minecraft:tuff":88,"minecraft:cobblestone":754,"minecraft:granite":3,"minecraft:coal":192,"minecraft:red_mushroom":4,"minecraft:stick":1,"minecraft:gunpowder":2,"minecraft:diorite":5,"minecraft:arrow":3,"minecraft:stone_pickaxe":2,"minecraft:wooden_pickaxe":1,"minecraft:raw_gold":1,"minecraft:bone":2},"minecraft:picked_up":{"minecraft:crafting_table":7,"minecraft:basalt":15,"minecraft:andesite":1,"minecraft:leather":6,"minecraft:wooden_pickaxe":1,"minecraft:red_mushroom":4,"minecraft:tuff":88,"minecraft:oak_log":1,"minecraft:gunpowder":4,"minecraft:dirt":22,"minecraft:raw_copper":5,"minecraft:bone":2,"minecraft:blackstone":4,"minecraft:cobbled_deepslate":942,"minecraft:raw_gold":32,"minecraft:beef":10,"minecraft:raw_iron":2,"minecraft:torch":8,"minecraft:polished_blackstone_bricks":2,"minecraft:golden_axe":1,"minecraft:blast_furnace":1,"minecraft:diorite":5,"minecraft:redstone":14,"minecraft:arrow":3,"minecraft:diamond":19,"minecraft:granite":3,"minecraft:blackstone_stairs":1,"minecraft:oak_sapling":1,"minecraft:coal":194,"minecraft:cobblestone":262},"minecraft:killed_by":{"minecraft:creeper":1}},"DataVersion":3465}