{"stats":{"minecraft:custom":{"minecraft:time_since_rest":35004,"minecraft:sprint_one_cm":44579,"minecraft:damage_taken":85,"minecraft:walk_one_cm":29117,"minecraft:mob_kills":12,"minecraft:drop":3,"minecraft:damage_dealt":1686,"minecraft:swim_one_cm":3561,"minecraft:interact_with_crafting_table":5,"minecraft:fly_one_cm":35647,"minecraft:crouch_one_cm":2344,"minecraft:play_time":35004,"minecraft:sneak_time":660,"minecraft:walk_under_water_one_cm":2222,"minecraft:jump":238,"minecraft:leave_game":5,"minecraft:time_since_death":35004,"minecraft:walk_on_water_one_cm":1906,"minecraft:total_world_time":35004,"minecraft:fall_one_cm":2839},"minecraft:broken":{"minecraft:stone_pickaxe":1},"minecraft:used":{"minecraft:stone_pickaxe":138,"minecraft:wooden_pickaxe":3,"minecraft:spruce_sapling":1,"minecraft:stone_axe":17,"minecraft:wooden_sword":43,"minecraft:dirt":8,"minecraft:sand":1,"minecraft:sweet_berries":14,"minecraft:crafting_table":3},"minecraft:crafted":{"minecraft:wooden_sword":1,"minecraft:oak_planks":48,"minecraft:crafting_table":2,"minecraft:spruce_planks":24,"minecraft:stick":20,"minecraft:wooden_pickaxe":1,"minecraft:stone_pickaxe":2,"minecraft:stone_axe":1},"minecraft:mined":{"minecraft:large_fern":1,"minecraft:sweet_berry_bush":17,"minecraft:andesite":2,"minecraft:spruce_log":6,"minecraft:dandelion":3,"minecraft:crafting_table":1,"minecraft:grass":4,"minecraft:coal_ore":64,"minecraft:grass_block":7,"minecraft:oak_log":12,"minecraft:sand":1,"minecraft:dirt":19,"minecraft:spruce_leaves":7,"minecraft:stone":75,"minecraft:sugar_cane":4,"minecraft:oak_leaves":2,"minecraft:fern":2},"minecraft:dropped":{"minecraft:ink_sac":2,"minecraft:wooden_pickaxe":1},"minecraft:killed":{"minecraft:trader_llama":2,"minecraft:pig":5,"minecraft:wandering_trader":1,"minecraft:cow":4},"minecraft:picked_up":{"minecraft:crafting_table":1,"minecraft:sweet_berries":34,"minecraft:andesite":2,"minecraft:leather":4,"minecraft:lead":1,"minecraft:dandelion":3,"minecraft:porkchop":5,"minecraft:sand":1,"minecraft:oak_log":12,"minecraft:spruce_sapling":1,"minecraft:ink_sac":2,"minecraft:spruce_log":6,"minecraft:dirt":26,"minecraft:beef":6,"minecraft:sugar_cane":11,"minecraft:coal":63,"minecraft:cobblestone":75}},"DataVersion":3465}