{"stats":{"minecraft:crafted":{"minecraft:smooth_stone":12,"minecraft:oak_planks":120,"minecraft:diamond_sword":1,"minecraft:crafting_table":2,"minecraft:wooden_pickaxe":1,"minecraft:furnace":8,"minecraft:blast_furnace":4,"minecraft:stone":12,"minecraft:stone_axe":1,"minecraft:air":0,"minecraft:diamond_helmet":1,"minecraft:diamond_leggings":1,"minecraft:diamond_pickaxe":1,"minecraft:iron_axe":1,"minecraft:stick":20,"minecraft:iron_ingot":36,"minecraft:iron_pickaxe":1,"minecraft:stone_pickaxe":2,"minecraft:diamond_boots":1,"minecraft:gold_ingot":128,"minecraft:torch":4,"minecraft:diamond_chestplate":1},"minecraft:used":{"minecraft:water_bucket":8,"minecraft:flint_and_steel":1,"minecraft:stone_pickaxe":1285,"minecraft:wooden_pickaxe":3,"minecraft:torch":1,"minecraft:dirt":4,"minecraft:crafting_table":6,"minecraft:blast_furnace":5,"minecraft:obsidian":10,"minecraft:diamond_pickaxe":774,"minecraft:lava_bucket":2,"minecraft:iron_axe":6,"minecraft:iron_pickaxe":25,"minecraft:basalt":2,"minecraft:stone_axe":104,"minecraft:diamond_sword":3,"minecraft:cobblestone":91,"minecraft:furnace":12,"minecraft:bucket":10,"minecraft:cooked_beef":4},"minecraft:custom":{"minecraft:interact_with_furnace":36,"minecraft:mob_kills":13,"minecraft:interact_with_crafting_table":13,"minecraft:leave_game":2,"minecraft:time_since_death":56152,"minecraft:time_since_rest":56213,"minecraft:sprint_one_cm":54996,"minecraft:damage_taken":565,"minecraft:walk_one_cm":54916,"minecraft:drop":48,"minecraft:damage_dealt":1762,"minecraft:fly_one_cm":11770,"minecraft:crouch_one_cm":4448,"minecraft:play_time":66621,"minecraft:deaths":2,"minecraft:sneak_time":1622,"minecraft:jump":361,"minecraft:interact_with_blast_furnace":20,"minecraft:walk_on_water_one_cm":7191,"minecraft:total_world_time":66621,"minecraft:fall_one_cm":5186},"minecraft:killed":{"minecraft:creeper":1,"minecraft:skeleton":4,"minecraft:zombie":1,"minecraft:cow":6},"minecraft:mined":{"minecraft:deepslate_redstone_ore":17,"minecraft:diamond_ore":1,"minecraft:tuff":52,"minecraft:deepslate_diamond_ore":51,"minecraft:basalt":10,"minecraft:obsidian":42,"minecraft:crafting_table":6,"minecraft:granite":3,"minecraft:blast_furnace":5,"minecraft:grass_block":6,"minecraft:copper_ore":1,"minecraft:cobblestone":22,"minecraft:deepslate_gold_ore":129,"minecraft:diorite":5,"minecraft:wall_torch":1,"minecraft:furnace":12,"minecraft:iron_ore":68,"minecraft:andesite":1,"minecraft:birch_leaves":60,"minecraft:oak_log":30,"minecraft:coal_ore":165,"minecraft:dirt":16,"minecraft:stone":1054,"minecraft:oak_leaves":3,"minecraft:deepslate":443},"minecraft:dropped":{"minecraft:stone_axe":1,"minecraft:cobbled_deepslate":922,"minecraft:tuff":88,"minecraft:cobblestone":754,"minecraft:granite":3,"minecraft:coal":192,"minecraft:stick":1,"minecraft:gunpowder":2,"minecraft:diorite":5,"minecraft:arrow":3,"minecraft:stone_pickaxe":2,"minecraft:wooden_pickaxe":1,"minecraft:raw_gold":1,"minecraft:bone":2},"minecraft:picked_up":{"minecraft:crafting_table":6,"minecraft:basalt":9,"minecraft:andesite":1,"minecraft:leather":6,"minecraft:wooden_pickaxe":1,"minecraft:tuff":88,"minecraft:oak_log":1,"minecraft:gunpowder":4,"minecraft:dirt":22,"minecraft:raw_copper":5,"minecraft:bone":2,"minecraft:cobbled_deepslate":942,"minecraft:raw_gold":32,"minecraft:beef":10,"minecraft:raw_iron":2,"minecraft:torch":1,"minecraft:blast_furnace":1,"minecraft:diorite":5,"minecraft:redstone":14,"minecraft:arrow":3,"minecraft:diamond":19,"minecraft:granite":3,"minecraft:oak_sapling":1,"minecraft:coal":194,"minecraft:cobblestone":259},"minecraft:killed_by":{"minecraft:creeper":1}},"DataVersion":3465}